sequence_id	source	label	candidate_group	bacteria	coral	fungi	insect	plant	length
CnsA	bacteria			348.532654	11.926656	159.073181	5.0	92.187675	330.0
LnsA	bacteria			303.469635	5.0	122.477417	5.0	37.569416	333.0
SCO5222	bacteria			292.106201	5.0	126.695938	5.0	54.662113	361.0
NS1	bacteria			340.008728	5.0	201.942123	5.0	103.271736	322.0
NP1	bacteria			350.64978	5.0	215.821182	5.0	114.259102	323.0
Sav76	bacteria			337.802338	12.948944	152.812912	5.0	65.129799	335.0
SSCG_02150	bacteria			277.351532	5.0	149.55899	5.0	64.197037	327.0
SSCG_03688	bacteria			289.91806	21.972374	112.967705	5.0	37.906464	418.0
SC1	bacteria			317.780823	5.0	176.317444	5.0	72.887703	316.0
SC2	bacteria			262.27829	16.805716	77.605598	5.0	51.021786	313.0
GcoA	bacteria			308.428864	5.0	133.259033	5.0	91.883942	335.0
GecA	bacteria			339.895294	21.478704	206.642517	5.0	93.2285	339.0
HcS	bacteria			296.480621	25.214157	131.26355	5.0	84.520775	338.0
SdS	bacteria			315.495422	15.552597	127.880402	5.0	49.000332	365.0
CorvolA_synthase	bacteria			283.48053	5.0	123.329224	5.0	64.234268	320.0
GeoA	bacteria			321.589478	5.0	164.551575	5.0	91.904037	329.0
SsDMS	bacteria			97.449181	5.0	5.0	5.0	5.0	533.0
ScDMS	bacteria			90.699547	5.0	5.0	5.0	5.0	532.0
CryA	bacteria			296.83905	11.285309	157.826355	5.0	70.145134	312.0
CavC	bacteria			80.628914	5.0	5.0	5.0	5.0	488.0
MorT	bacteria			293.21817	15.182779	124.305519	5.0	74.55162	342.0
NetT	bacteria			322.998627	5.0	159.261841	5.0	65.079071	332.0
EurT	bacteria			202.671463	26.126507	63.330395	5.0	5.0	353.0
ArgT	bacteria			227.128754	24.565603	75.905655	5.0	18.464598	324.0
PtmT2	bacteria			35.150845	5.0	5.0	5.0	12.637854	533.0
PtmT3	bacteria			125.414154	5.0	5.0	5.0	26.885208	309.0
CotB2	bacteria			104.612587	5.0	20.605911	5.0	5.0	307.0
Sclav_p0765	bacteria			276.642365	15.354997	121.189293	5.0	37.977623	321.0
Sclav_p1169	bacteria			245.885986	5.0	99.484177	5.0	35.846451	459.0
Stsu_20912	bacteria			257.646545	5.0	106.919762	5.0	37.0825	332.0
Nd90_0354	bacteria			288.84082	28.552086	104.165283	5.0	46.770458	343.0
Slt18_1078	bacteria			286.972778	26.969906	81.511772	5.0	60.648342	358.0
AriE	bacteria			308.060089	5.0	148.10881	5.0	76.900482	363.0
TiqS	bacteria			311.203888	5.0	111.544701	5.0	60.304359	358.0
Cpt11	bacteria			24.308517	5.0	5.0	5.0	5.0	560.0
Cts11	bacteria			153.708984	5.0	22.080786	5.0	46.965683	356.0
VenA	bacteria			263.175873	12.374529	122.781357	5.0	39.033459	386.0
AlbS	bacteria			226.827072	5.0	136.63562	5.0	56.72646	369.0
AriT	bacteria			308.060089	5.0	148.10881	5.0	76.900482	363.0
EuoT	bacteria			296.506378	5.0	121.043755	5.0	89.28508	349.0
CpDTS1	bacteria			334.589844	33.946499	178.99234	5.0	99.143326	325.0
CpDTS2	bacteria			327.523346	5.0	171.072113	5.0	96.980804	327.0
AbPS1	bacteria			267.246948	35.444317	122.269485	5.0	67.152969	324.0
AbPS2	bacteria			265.104218	32.680874	140.34346	5.0	61.498592	325.0
AsSS	bacteria			187.859344	5.0	82.973816	5.0	67.579483	376.0
CvSS	bacteria			216.64505	26.838804	67.523743	5.0	53.980892	375.0
MicA	bacteria			359.059967	5.0	180.630051	5.0	91.642441	341.0
DgTC-1	coral			29.887299	538.735413	23.34878	5.0	19.812386	411.0
GvTC-3	coral			29.506342	593.325928	17.277008	5.0	5.0	414.0
gGvTC-1	coral			29.47839	591.999634	17.250181	5.0	5.0	413.0
PbTC-2	coral			25.33803	526.167419	24.937243	5.0	5.0	366.0
PcTC-4	coral			23.269714	569.966003	22.35564	5.0	5.0	410.0
TspTC-1	coral			34.153915	599.984375	22.985495	5.0	17.007164	412.0
TspTC-2	coral			25.595463	594.97345	17.993765	5.0	5.0	412.0
TspTC-10	coral			25.595463	594.97345	17.993765	5.0	5.0	412.0
EfTC-1	coral			28.183498	566.21936	5.0	5.0	5.0	416.0
EcTC-1k	coral			27.077906	566.886169	14.00697	5.0	5.0	415.0
EcTC-1l	coral			27.077906	566.886169	14.00697	5.0	5.0	415.0
EcTC-1f	coral			28.326735	565.474548	13.714381	5.0	5.0	415.0
EcTC-1j	coral			28.624804	566.665527	13.716458	5.0	5.0	415.0
PkuTC-7	coral			29.036247	567.395386	13.073052	5.0	5.0	417.0
PkuTC-5	coral			32.363503	557.145569	13.927305	5.0	5.0	416.0
PkuTC-6	coral			32.074314	558.12677	13.934551	5.0	5.0	416.0
PkuTC-10	coral			28.738989	567.196411	17.341763	5.0	5.0	417.0
PkuTC-9	coral			35.896328	566.612366	18.519108	5.0	5.0	417.0
PkuTC-4	coral			32.826363	566.212524	17.040512	5.0	5.0	417.0
S_PkTC-1	coral			32.362194	566.206665	16.710812	5.0	5.0	416.0
PkuTC-8	coral			32.349148	566.193604	16.633553	5.0	5.0	417.0
PkuTC-3	coral			32.536961	567.202332	16.63558	5.0	5.0	417.0
PhoTC-1	coral			32.36264	566.783691	16.62685	5.0	5.0	417.0
EcTC-1b	coral			31.893505	564.351074	20.490686	5.0	5.0	416.0
EcTC-1a	coral			30.374184	583.643005	17.870275	5.0	5.0	416.0
EcTC-1c	coral			30.374184	583.643005	17.870275	5.0	5.0	416.0
EcTC-1e	coral			29.863968	584.346191	17.820721	5.0	5.0	416.0
EcTC-1h	coral			32.031143	577.805359	5.0	5.0	5.0	416.0
EcTC-1i	coral			32.029957	577.531189	5.0	5.0	5.0	416.0
EcTC-1d	coral			31.124947	580.383545	17.492151	5.0	5.0	416.0
EcTC-1g	coral			33.2924	573.840576	5.0	5.0	5.0	416.0
McTC-1	coral			21.436672	528.235107	13.10025	5.0	5.0	411.0
PkuTC-2	coral			30.254704	516.800354	17.591879	5.0	5.0	412.0
PhoTC-2	coral			31.696127	523.459229	20.153725	5.0	5.0	412.0
S_PkTC-2	coral			31.643728	523.145386	20.164066	5.0	5.0	411.0
PkuTC-1	coral			31.635019	523.131714	20.156721	5.0	5.0	412.0
S_PsTC-1	coral			12.46564	524.592957	11.520112	5.0	5.0	412.0
CsTC-1	coral			12.46564	524.592957	11.520112	5.0	5.0	412.0
RhTPS	coral			11.767053	530.398926	5.0	5.0	5.0	415.0
RsTC-1	coral			11.767053	530.398926	5.0	5.0	5.0	415.0
SCB-157_TC3	coral			10.936667	537.278931	14.700786	5.0	5.0	414.0
SCB-144_TC3	coral			14.087396	541.702209	5.0	5.0	5.0	412.0
HcTC-3g-4	coral			17.770241	535.119019	15.307915	5.0	5.0	408.0
g25402.t1	coral			17.810518	499.954987	15.522897	5.0	5.0	389.0
HcTC-3g-3	coral			22.412989	556.816223	15.116287	5.0	5.0	410.0
HcTC-3_1	coral			24.469124	559.151611	15.432067	5.0	5.0	411.0
HcTC-3_2	coral			24.469124	559.151611	15.432067	5.0	5.0	411.0
HcTC-3g-1	coral			25.960878	558.895752	15.745271	5.0	5.0	410.0
HcTC-3g-2	coral			25.961222	555.994568	15.545152	5.0	5.0	410.0
NA-045_TC-3	coral			19.974638	547.481262	18.244051	5.0	5.0	415.0
PbTC-1_1	coral			23.293581	557.403748	18.910635	5.0	5.0	416.0
PbTC-1_2	coral			23.293581	557.403748	18.910635	5.0	5.0	416.0
PcTS-1	coral			23.350189	557.976074	18.793358	5.0	5.0	415.0
PcTC-3	coral			23.350189	557.976074	18.793358	5.0	5.0	415.0
TP2	coral			22.52524	553.114563	19.99259	5.0	5.0	422.0
AeTPS	coral			22.561253	553.140991	19.878746	5.0	5.0	420.0
AeTC-1	coral			22.571712	552.858704	19.876326	5.0	5.0	420.0
AbTPS	coral			21.95817	541.99176	17.768293	5.0	12.662795	420.0
AbTC-1	coral			22.08849	543.568115	17.933762	5.0	12.74361	420.0
GvTC-1	coral			20.883207	541.856079	17.232273	5.0	5.0	417.0
gGvTC-2	coral			18.78133	539.926453	18.64374	5.0	5.0	416.0
SCB-157_TC7	coral			20.747944	270.0242	19.145361	5.0	5.0	314.0
EvTC-2	coral			20.482908	539.547607	16.240974	5.0	5.0	406.0
VgTC-2	coral			20.810083	546.051331	15.785012	5.0	5.0	406.0
S_EsTC-2	coral			23.856232	540.621521	19.41654	5.0	5.0	406.0
BaTC-2_1	coral			25.570148	545.37738	23.017618	5.0	5.0	407.0
BaTC-2_2	coral			25.570148	545.37738	23.017618	5.0	5.0	407.0
BsTC-1	coral			22.740274	542.822205	21.234093	5.0	5.0	406.0
EcTPS-1	coral			34.925789	539.024963	24.088425	5.0	17.477854	406.0
ErycarTC-1	coral			34.925789	539.024963	24.088425	5.0	17.477854	406.0
S_CdTC-2	coral			27.254578	535.347656	19.269165	5.0	17.063438	412.0
CdTC-3	coral			27.254578	535.347656	19.269165	5.0	17.063438	412.0
SCB-144_TC7	coral			24.701824	568.704529	18.975025	5.0	5.0	408.0
NA-218_TC-2	coral			32.776909	392.270233	15.848718	5.0	5.0	403.0
S_StTC-1-cembreneC	coral			20.146549	480.691956	14.979309	5.0	5.0	404.0
StTC-1-cembreneC	coral			20.146549	480.691956	14.979309	5.0	5.0	404.0
NA-045_TC-2	coral			11.940857	509.144897	18.840517	5.0	5.0	398.0
PbTC-3	coral			20.067568	505.209015	16.776211	5.0	5.0	396.0
EvTC-1	coral			17.53406	498.77536	19.70653	5.0	16.141939	414.0
NA-141_TC4-cembreneA	coral			17.676405	507.579315	20.759451	5.0	5.0	398.0
NA-047_TC3-cembreneA	coral			17.683969	506.874451	20.758257	5.0	5.0	398.0
gGvTC-3	coral			27.278278	481.973297	18.800753	5.0	5.0	399.0
gGvTC-5	coral			31.200848	491.458679	18.549694	5.0	5.0	398.0
S_AbTC-2-cembreneA	coral			19.975735	485.045441	21.488176	5.0	11.179219	402.0
AbTC-2-cembreneA	coral			19.968901	483.392731	22.688749	5.0	11.446037	399.0
DgTC-2-cembreneA	coral			23.875105	477.087067	21.563477	5.0	5.0	399.0
ErTC-2-cembreneA	coral			13.918653	508.07666	5.0	5.0	5.0	394.0
TspTC-12	coral			5.0	510.927063	21.547419	5.0	5.0	421.0
SCB-084_TC3	coral			5.0	511.524536	20.874083	5.0	5.0	421.0
S_BaTC-1	coral			51.15749	416.748047	40.521961	5.0	24.618576	407.0
BaTC-1-cembreneA	coral			40.597942	462.044098	35.451145	5.0	17.955902	421.0
BaTC-2_3	coral			43.248016	451.268311	36.555893	5.0	17.480947	409.0
ErycarTC-2	coral			17.559692	450.198944	25.096146	5.0	5.0	414.0
HcTC-4g	coral			27.724611	533.204529	24.517986	5.0	5.0	407.0
g34691.t1	coral			27.724611	533.204529	24.517986	5.0	5.0	407.0
HcTC-1_1	coral			33.041512	526.793335	14.696823	5.0	5.0	418.0
HcTC-1_2	coral			33.041512	526.793335	14.696823	5.0	5.0	418.0
HcTC-1g	coral			32.290028	527.399902	14.735446	5.0	5.0	417.0
g13994.t1	coral			32.025276	527.105408	14.570708	5.0	5.0	441.0
ClTC-1	coral			40.114487	489.507416	19.496824	5.0	5.0	414.0
S_CdTC-3	coral			29.495642	459.103973	12.640182	5.0	5.0	382.0
CdTC-4	coral			29.145935	478.213287	12.475724	5.0	5.0	414.0
SCB-157_TC8	coral			5.0	459.952637	21.458042	5.0	5.0	416.0
S_ClTC-1	coral			23.277718	544.010681	19.087059	5.0	10.656695	417.0
ClTC-2	coral			23.265251	543.997192	19.087875	5.0	10.646308	418.0
CdTC-2-cembrene-cembreneA-cembreneC	coral			21.887037	525.888977	18.723423	5.0	5.0	409.0
CdTC-1a	coral			24.759087	521.154724	26.639559	5.0	5.0	409.0
S_CdTC-4	coral			24.47891	520.547729	26.70854	5.0	5.0	409.0
CdTC-1b	coral			24.514853	523.171082	26.860512	5.0	5.0	409.0
CdTC-1	coral			24.512259	523.685486	26.861238	5.0	5.0	409.0
S_PsTC-2	coral			22.15226	498.048553	19.902277	5.0	5.0	414.0
CsTC-2	coral			22.161732	500.515228	18.970778	5.0	5.0	414.0
SCB-157_TC5	coral			34.316284	516.533936	25.389988	5.0	16.480129	418.0
SCB-144_TC4	coral			27.930725	499.632385	18.798529	5.0	5.0	417.0
SCB-157_TC6	coral			35.34742	515.349365	20.947014	5.0	5.0	416.0
S_RsTC-1	coral			22.878923	532.777405	23.622976	5.0	5.0	410.0
SCB-144_TC2	coral			24.422037	530.029907	26.360682	5.0	5.0	413.0
SCB-144_TC1	coral			30.650352	546.967407	26.954165	5.0	5.0	406.0
SCB-157_TC1	coral			24.706873	543.880005	25.40567	5.0	14.098775	406.0
gCspTC-1	coral			25.568991	539.739624	28.14999	5.0	16.742014	407.0
XsTC-1_1	coral			30.030783	469.091095	23.029203	5.0	5.0	410.0
XsTC-1_2	coral			30.80003	468.803284	23.001871	5.0	5.0	410.0
S_EsTC-1	coral			39.85614	490.213989	41.90197	5.0	28.616026	416.0
NA-047_TC2	coral			38.394051	522.740845	28.545155	5.0	15.454535	409.0
gGvTC-8	coral			30.982176	480.356689	28.81464	5.0	29.376076	408.0
NA-141_TC2	coral			35.716808	511.667908	26.310511	5.0	17.72694	409.0
NA-047_TC1	coral			47.092697	497.280212	21.62874	5.0	5.0	412.0
CiTC-1	coral			25.453732	488.379486	5.0	5.0	19.614531	416.0
TspTC-7	coral			31.03639	526.923035	15.404086	5.0	15.082719	433.0
TspTC-5	coral			40.392628	543.94519	22.655643	5.0	20.179359	416.0
SCB-084_TC4	coral			41.345558	541.005737	24.138714	5.0	20.782377	416.0
TspTC-3	coral			38.664349	542.757629	30.400705	5.0	24.836018	432.0
SCB-084_TC2	coral			43.695057	530.050659	31.153414	5.0	16.370588	418.0
SCB-084_TC1	coral			63.331596	557.630981	43.527641	5.0	23.572119	414.0
TspTC-6	coral			30.064167	543.825073	26.705669	5.0	23.004143	414.0
TspTC-4	coral			37.345139	561.985168	30.028204	5.0	5.0	414.0
SCB-084_TC6	coral			32.143707	562.180664	26.955669	5.0	5.0	414.0
TspTC-8	coral			43.703434	543.730042	24.573519	5.0	5.0	432.0
SCB-084_TC5	coral			40.522316	548.721252	23.704124	5.0	5.0	436.0
TmTC-2	coral			31.036369	505.190704	22.205805	5.0	5.0	413.0
S_TmTC-1-cembreneA	coral			16.650137	501.365021	15.282037	5.0	5.0	414.0
TmTC-3	coral			16.602083	498.928223	15.251108	5.0	5.0	414.0
Allacma_fusca	coral			25.237896	53.972656	22.748478	5.0	5.0	401.0
S_PgTC-1	coral			5.0	5.0	5.0	240.530655	5.0	345.0
NODE_9695_length_1224	coral			5.0	5.0	5.0	282.360748	5.0	307.0
NODE_9264_length_1285	coral			5.0	5.0	5.0	254.773056	5.0	273.0
Rkoe_cbTC_1-cembreneB	coral			26.083357	342.386627	5.0	5.0	5.0	396.0
RmTC-1-cembreneB	coral			40.698441	368.5737	20.839495	5.0	5.0	397.0
RmTC-1-cembreneB_2	coral			40.592236	371.362946	20.624968	5.0	5.0	396.0
Basb_cbTC_1-cembreneB	coral			31.624943	382.365601	27.019102	5.0	5.0	399.0
EcTPS-6-cembreneB	coral			30.836275	396.42157	5.0	5.0	5.0	396.0
ErycarTC-6-cembreneB	coral			30.836275	396.42157	5.0	5.0	5.0	396.0
Selo_cbTC_1-cembreneB	coral			34.092442	388.703125	24.2241	5.0	5.0	400.0
VgTC-1	coral			20.994411	385.802917	16.900812	5.0	5.0	398.0
NA-195_TC-5-cembreneB	coral			26.803251	393.514923	5.0	5.0	5.0	395.0
Crub_cbTC_1-cembreneB	coral			22.212738	390.163849	5.0	5.0	5.0	399.0
Crub_cbTC_2-cembreneB	coral			22.212738	390.163849	5.0	5.0	5.0	399.0
CrTC1	coral			22.708532	395.914825	5.0	5.0	5.0	397.0
Dgem_cbTC_1-cembreneB	coral			32.526051	389.755341	18.743587	5.0	5.0	404.0
NA-218_TC-1-cembreneB	coral			22.798565	404.03299	14.163449	5.0	5.0	399.0
PcaTC-1	coral			5.0	403.600616	14.498638	5.0	5.0	400.0
HcTC-5g-1	coral			37.013237	383.315186	21.148211	5.0	5.0	396.0
g34001.t1	coral			37.013237	383.315186	21.148211	5.0	5.0	396.0
HcTC-5-2	coral			33.563717	382.280029	5.0	5.0	5.0	396.0
NA-045_TC-5	coral			41.734741	381.105377	21.406366	5.0	5.0	396.0
NA-195_TC-3	coral			22.914608	370.857056	5.0	5.0	5.0	396.0
SCB-216_TC1	coral			26.237701	368.134125	5.0	5.0	5.0	396.0
NA-218_TC-3	coral			42.735981	410.049652	26.503637	5.0	5.0	409.0
NA-195_TC-1	coral			21.667175	476.682892	22.086218	5.0	5.0	416.0
NA-195_TC-2	coral			12.204283	383.220459	20.70595	5.0	5.0	346.0
S_HiTC-1	coral			18.410688	527.183899	16.983421	5.0	5.0	418.0
NA-195_TC-4	coral			11.406558	497.248138	17.4757	5.0	5.0	414.0
HcTC-2	coral			39.394928	512.790039	18.642925	5.0	5.0	406.0
HcTC-2g	coral			39.408131	512.804016	18.656429	5.0	5.0	405.0
g50187.t1	coral			39.408131	512.804016	18.656429	5.0	5.0	405.0
SCB-157_TC4	coral			24.798336	469.409424	25.834076	5.0	12.251166	373.0
SCB-157_TC2	coral			27.814053	516.553162	24.456093	5.0	5.0	415.0
gCspTC-2	coral			36.222786	515.230042	31.656519	5.0	5.0	415.0
ErycarTC-4	coral			29.669605	440.966827	19.498175	5.0	5.0	416.0
ErycarTC-4_1	coral			31.108444	426.940643	17.260178	5.0	5.0	419.0
PmTC-3	coral			34.362938	406.475311	24.57164	5.0	5.0	408.0
PstTC-3	coral			27.762835	426.565704	24.074995	5.0	14.567308	409.0
PsuTC-3	coral			34.037277	450.406982	27.98875	5.0	12.36755	410.0
PmTC-1	coral			36.133408	457.349792	30.968506	5.0	25.66188	404.0
PstTC-1	coral			40.774158	462.693451	33.299431	5.0	20.296419	404.0
PsuTC-2	coral			40.774158	462.693451	33.299431	5.0	20.296419	404.0
PsuTC-1	coral			47.282944	469.675171	19.917515	5.0	5.0	409.0
PmTC-2	coral			27.224348	464.758575	18.754934	5.0	5.0	410.0
PstTC-2	coral			32.087883	467.183258	25.668411	5.0	15.356611	410.0
PsuTC-4	coral			32.078541	468.371368	25.720882	5.0	15.360959	410.0
ErycarTC-5	coral			17.34123	448.159821	20.622782	5.0	5.0	413.0
ErycarTC-7	coral			41.096024	398.759216	23.743269	5.0	5.0	359.0
ErycarTC-8	coral			39.351006	453.786072	22.801723	5.0	5.0	413.0
ErTC-1	coral			34.037975	471.863159	32.551441	5.0	20.724377	418.0
ErTC-1_2	coral			34.037975	471.863159	32.551441	5.0	20.724377	418.0
TmTC-1-Cembrene_A	coral			24.661823	512.454712	5.0	5.0	15.947109	411.0
PcTC-7	coral			38.244686	517.559509	29.190142	5.0	5.0	412.0
NA-045_TC-4	coral			37.66095	546.532776	28.368443	5.0	5.0	410.0
PcTC-8	coral			39.13966	536.018616	20.614067	5.0	5.0	410.0
PcTC-1	coral			42.953144	552.257874	33.630947	5.0	17.492496	410.0
PcTC-2	coral			47.326599	547.713379	29.879116	5.0	5.0	410.0
S_PeTC-1	coral			44.543182	504.923676	27.530521	5.0	5.0	410.0
AeTC-2	coral			44.532345	504.908875	27.522003	5.0	5.0	411.0
gGvTC-7	coral			40.212078	489.552551	22.835531	5.0	11.105712	412.0
gGvTC-4	coral			39.87624	481.611176	23.944294	5.0	5.0	370.0
GvTC-2	coral			38.208332	522.916077	25.70503	5.0	5.0	421.0
gGvTC-6	coral			38.177021	520.419861	25.706701	5.0	5.0	420.0
AaTPS	coral			39.581787	535.364624	25.866734	5.0	23.335974	408.0
gGvTC-9	coral			33.934013	535.146057	23.40449	5.0	18.941835	407.0
NA-141_TC1	coral			36.355904	548.567322	24.373751	5.0	5.0	410.0
NA-141_TC5	coral			39.286152	535.810608	20.034187	5.0	5.0	406.0
NA-047_TC4	coral			38.378822	530.096313	19.911345	5.0	5.0	406.0
gGvTC-10	coral			38.332546	534.594788	25.188612	5.0	5.0	407.0
S_AbTC-1	coral			35.406914	541.801086	20.470861	5.0	5.0	407.0
AbTC-4	coral			37.329639	545.246277	25.706865	5.0	5.0	408.0
ErycarTC-3	coral			55.56443	491.063019	50.849762	5.0	5.0	411.0
S_LsTC-1	coral			38.062645	474.882294	34.242428	5.0	22.093048	412.0
AbTC-3	coral			37.563461	483.050812	38.464375	5.0	27.349009	401.0
PcTC-5	coral			49.91457	547.630493	39.954453	5.0	18.633669	409.0
PcTC-6	coral			46.206738	518.03125	38.266556	5.0	16.738304	397.0
S_CdTC-1	coral			39.160221	515.27832	36.099987	5.0	5.0	411.0
TspTC-9	coral			34.726803	501.091034	38.127838	5.0	5.0	410.0
AHY23922.1	fungi			56.208229	12.761821	226.116409	5.0	23.708431	372.0
AHY23921.1	fungi			155.890488	5.0	316.160583	5.0	75.949928	376.0
AHY23924.1	fungi			175.017395	23.077583	325.002411	5.0	62.596561	412.0
ATZ56107.1	fungi			215.641891	19.414434	373.259918	5.0	99.791359	399.0
XP_001832573.2	fungi			194.646255	5.0	343.607239	5.0	81.491234	390.0
XP_001836556.1	fungi			235.367615	23.003954	422.119019	5.0	111.423683	348.0
XP_001832925.1	fungi			252.253586	12.051955	439.972412	5.0	101.542274	425.0
XP_001836356.1	fungi			214.322128	39.142838	420.009491	5.0	83.591621	345.0
XP_001832549.1	fungi			26.511082	15.625683	260.103577	5.0	5.0	325.0
MUStwsD_GLEAN_10001317	fungi			220.37381	15.737835	426.403687	5.0	108.867165	332.0
MUStwsD_GLEAN_10003938	fungi			234.231934	5.0	387.653015	5.0	97.878059	367.0
MUStwsD_GLEAN_10005581	fungi			231.500275	24.936676	396.835785	5.0	70.937569	362.0
MUStwsD_GLEAN_10000810	fungi			218.4935	22.712959	371.050385	5.0	69.700974	345.0
MUStwsD_GLEAN_10000811	fungi			229.415848	25.196507	373.999268	5.0	73.596046	345.0
MUStwsD_GLEAN_10003820	fungi			206.282074	20.010277	392.191681	5.0	57.651932	357.0
MUStwsD_GLEAN_10000831	fungi			202.994537	17.179033	422.808441	5.0	80.335297	345.0
MUStwsD_GLEAN_10000543	fungi			26.005671	5.0	134.884476	5.0	11.351911	350.0
MUStwsD_GLEAN_10000292	fungi			30.493223	10.448051	221.814423	5.0	18.250862	303.0
sP9WEV6.1	fungi			102.02639	5.0	293.79895	131.905502	26.514189	728.0
GU123140.1	fungi			23.316923	5.0	218.540161	5.0	5.0	339.0
Stehi1_159379	fungi			26.743801	5.0	228.109909	5.0	16.174145	372.0
Stehi1_128017	fungi			196.304642	22.006271	421.865387	5.0	69.569191	346.0
Stehi1_25180	fungi			191.492401	16.512459	451.300568	5.0	87.452026	351.0
Stehi1_64702	fungi			178.743301	11.619827	456.773499	5.0	90.657333	350.0
Stehi1_73029	fungi			193.751907	11.666411	462.046417	5.0	82.567856	369.0
AGR34199.1	fungi			186.317688	11.044703	456.382507	5.0	82.890114	345.0
A0A1B6FW32	insect			5.0	5.0	5.0	209.45134	5.0	404.0
A0A1B6JR16	insect			5.0	5.0	5.0	217.847244	5.0	392.0
A0A0K8SQK6	insect			5.0	5.0	5.0	238.645981	5.0	402.0
A0A224XQ55	insect			5.0	5.0	5.0	250.437119	5.0	430.0
A0A023F505	insect			5.0	5.0	5.0	248.699371	5.0	430.0
E2C655	insect			5.0	5.0	5.0	241.0858	5.0	337.0
A0A151ICL0	insect			5.0	5.0	5.0	236.124878	5.0	356.0
A0A151XAF4	insect			5.0	5.0	5.0	241.306702	5.0	337.0
A0A195DY43	insect			5.0	5.0	5.0	244.845154	5.0	337.0
F4WZX1	insect			5.0	5.0	5.0	238.380371	5.0	337.0
A0A195B7S7	insect			5.0	5.0	5.0	247.228714	5.0	337.0
E2AMF4	insect			5.0	5.0	5.0	239.03772	5.0	337.0
A0A3L8DMT1	insect			5.0	5.0	5.0	224.085281	5.0	402.0
A0A026VYX6	insect			5.0	5.0	5.0	249.671921	5.0	337.0
D6WAF3	insect			5.0	5.0	5.0	237.014236	5.0	446.0
A0A0T6AYV0	insect			5.0	5.0	5.0	237.934921	5.0	376.0
A0A5E4M2V6	insect			5.0	5.0	5.0	254.921021	5.0	408.0
J9K4T0	insect			5.0	5.0	5.0	253.420242	5.0	405.0
A0A2H8TKV8	insect			5.0	5.0	5.0	248.071869	5.0	409.0
M9VU49	insect			5.0	5.0	5.0	251.570831	5.0	409.0
V5UUH0	insect			5.0	5.0	5.0	252.636276	5.0	409.0
A0A1Y1MX09	insect			5.0	5.0	5.0	239.488678	5.0	428.0
A0A2A4JK80	insect			5.0	5.0	5.0	246.186264	5.0	380.0
A0A212F9C8	insect			5.0	5.0	5.0	245.814285	5.0	418.0
G9D512	insect			5.0	5.0	5.0	243.848282	5.0	410.0
A0A0N1PGS1	insect			5.0	5.0	5.0	240.028366	5.0	457.0
A0A232ET71	insect			5.0	5.0	5.0	236.164246	5.0	476.0
A0A482XJ80	insect			5.0	5.0	5.0	225.895416	5.0	340.0
A0A1B6DIQ4	insect			5.0	5.0	5.0	252.119232	5.0	427.0
A0A1B6GMQ4	insect			5.0	5.0	5.0	250.755951	5.0	415.0
A0A1B6KSJ0	insect			5.0	5.0	5.0	251.55014	5.0	422.0
A0A154P407	insect			5.0	5.0	5.0	249.715546	5.0	404.0
A0A0L7QLJ7	insect			5.0	5.0	5.0	248.739365	5.0	407.0
A0A067QX52	insect			5.0	5.0	5.0	225.412338	5.0	327.0
A0A0C9Q793	insect			5.0	5.0	5.0	256.825378	5.0	408.0
A0A182X0B1	insect			5.0	5.0	5.0	237.679733	5.0	412.0
A0A182V1R4	insect			5.0	5.0	5.0	236.141678	5.0	418.0
Q7PYQ9	insect			5.0	5.0	5.0	236.440491	5.0	411.0
A0A182TH73	insect			5.0	5.0	5.0	238.606689	5.0	405.0
A0A182I001	insect			5.0	5.0	5.0	237.163651	5.0	484.0
A0A182JSE6	insect			5.0	5.0	5.0	246.264084	5.0	402.0
A0A182P568	insect			5.0	5.0	5.0	246.668564	5.0	404.0
A0A182YAP7	insect			5.0	5.0	5.0	227.000946	5.0	359.0
A0A4Y0BJ88	insect			5.0	5.0	5.0	237.570374	5.0	401.0
A0A182VZ71	insect			5.0	5.0	5.0	246.436493	5.0	341.0
A0A1L8DZU4	insect			5.0	5.0	5.0	252.513107	5.0	437.0
W8BDU2	insect			5.0	5.0	5.0	258.371063	5.0	481.0
A0A0A1WFE6	insect			5.0	5.0	5.0	261.092865	5.0	472.0
A0A034VA95	insect			5.0	5.0	5.0	258.603394	5.0	474.0
A0A0K8UWD0	insect			5.0	5.0	5.0	249.356964	5.0	459.0
A0A1A9VVE4	insect			5.0	5.0	5.0	252.898331	5.0	386.0
A0A1A9XTG1	insect			5.0	5.0	5.0	248.161774	5.0	401.0
A0A1B0G312	insect			5.0	5.0	5.0	250.475067	5.0	386.0
B4NH17	insect			5.0	5.0	5.0	255.197418	5.0	449.0
A0A3B0K6B0	insect			5.0	5.0	5.0	255.197647	5.0	445.0
B4GNS0	insect			5.0	5.0	5.0	255.920273	5.0	445.0
B3M080	insect			5.0	5.0	5.0	253.569794	5.0	441.0
A0A1W4UJU4	insect			5.0	5.0	5.0	254.40863	5.0	435.0
B4PNB8	insect			5.0	5.0	5.0	253.299026	5.0	431.0
B4I007	insect			5.0	5.0	5.0	241.3022	5.0	461.0
B3P7R1	insect			5.0	5.0	5.0	254.02063	5.0	436.0
Q9V9Z3	insect			5.0	5.0	5.0	253.518875	5.0	436.0
B4K4J3	insect			5.0	5.0	5.0	256.861847	5.0	435.0
B4LW00	insect			5.0	5.0	5.0	255.557938	5.0	445.0
B4JI23	insect			5.0	5.0	5.0	256.030823	5.0	449.0
A0A1I8PDC6	insect			5.0	5.0	5.0	244.718643	5.0	490.0
A0A0M5J5L1	insect			5.0	5.0	5.0	257.527924	5.0	442.0
A0A0L0CEU7	insect			5.0	5.0	5.0	256.700378	5.0	469.0
T1P8F4	insect			5.0	5.0	5.0	246.568542	5.0	320.0
A0A1J1HPS1	insect			5.0	5.0	5.0	254.549561	5.0	371.0
A0A2M4BNT9	insect			5.0	5.0	5.0	266.552368	5.0	428.0
A0A2M3Z5P8	insect			5.0	5.0	5.0	266.019348	5.0	455.0
A0A2M4A8N0	insect			5.0	5.0	5.0	265.201996	5.0	449.0
A0A182Q2S2	insect			5.0	5.0	5.0	253.089676	5.0	403.0
A0A182JJT3	insect			5.0	5.0	5.0	267.862732	5.0	366.0
A0A2C9GPJ6	insect			5.0	5.0	5.0	262.979706	5.0	481.0
A0A140AZ69	insect			5.0	5.0	5.0	253.759018	5.0	377.0
A0A140AZ72	insect			5.0	5.0	5.0	253.790176	5.0	386.0
A0A140AZ76	insect			5.0	5.0	5.0	262.587006	5.0	391.0
A0A140AZ75	insect			5.0	5.0	5.0	264.132385	5.0	388.0
A0A140AZ68	insect			5.0	5.0	5.0	319.229309	5.0	387.0
A0A140AZ71	insect			5.0	5.0	5.0	290.863617	5.0	370.0
A0A140AZ74	insect			5.0	5.0	5.0	318.025757	5.0	386.0
A0A140AZ70	insect			5.0	5.0	5.0	286.693787	5.0	378.0
A0A140AZ66	insect			5.0	5.0	5.0	291.466217	5.0	345.0
A0A140AZ64	insect			5.0	5.0	5.0	313.963989	5.0	379.0
A0A140AZ63	insect			5.0	5.0	5.0	307.600891	5.0	379.0
A0A140AZ67	insect			5.0	5.0	5.0	302.392303	5.0	385.0
A0A140AZ65	insect			5.0	5.0	5.0	309.698669	5.0	385.0
A0A140AZ61	insect			5.0	5.0	5.0	227.991806	5.0	357.0
A0A140AZ62	insect			5.0	5.0	5.0	279.485046	5.0	378.0
A0A0A9YE00	insect			5.0	5.0	5.0	280.641541	5.0	371.0
A0A481Y8N8	insect			5.0	5.0	5.0	284.273956	5.0	368.0
A0A343W969	insect			5.0	5.0	5.0	282.242188	5.0	385.0
A0A411EX07	insect			5.0	5.0	5.0	262.875641	5.0	377.0
A0A386JV80	insect			5.0	5.0	5.0	249.261124	5.0	377.0
A0A386JV86	insect			5.0	5.0	5.0	261.084076	5.0	378.0
A0A1Y1N275	insect			5.0	5.0	5.0	281.93045	5.0	397.0
A0A1Y1MKW3	insect			5.0	5.0	5.0	257.768616	5.0	383.0
A0A1Y1KX19	insect			5.0	5.0	5.0	254.763489	5.0	351.0
A0A1Y1KZI4	insect			5.0	5.0	5.0	258.877869	5.0	387.0
A0A1Y1JRY3	insect			5.0	5.0	5.0	275.36673	5.0	371.0
A0A1Y1MBK9	insect			5.0	5.0	5.0	335.535126	5.0	365.0
A0A0N1IBM1	insect			5.0	5.0	5.0	328.525208	5.0	378.0
A0A0N0PE70	insect			5.0	5.0	5.0	260.392395	5.0	329.0
A0A0N1PFP8	insect			5.0	5.0	5.0	344.176025	5.0	364.0
A0A0N0PDW3	insect			5.0	5.0	5.0	349.619904	5.0	376.0
A0A194QJI9	insect			5.0	5.0	5.0	345.71759	5.0	416.0
A0A194QQ91	insect			5.0	5.0	5.0	326.891022	5.0	372.0
A0A0N0PBV2	insect			5.0	5.0	5.0	326.253326	5.0	375.0
A0A0N1IJ12	insect			5.0	5.0	5.0	333.269196	5.0	370.0
A0A194QGD2	insect			5.0	5.0	5.0	270.123413	5.0	327.0
A0A194QAU3	insect			5.0	5.0	5.0	300.988953	5.0	403.0
A0A0N1IP44	insect			5.0	5.0	5.0	330.965942	5.0	377.0
I4DRD5	insect			5.0	5.0	5.0	310.679993	5.0	316.0
B0VZB0	insect			5.0	5.0	5.0	5.0	5.0	352.0
B0VZB0	insect			5.0	5.0	5.0	269.589111	5.0	297.0
A0A1I8Q9E8	insect			5.0	5.0	5.0	246.810089	5.0	357.0
A0A1I8PWU4	insect			5.0	5.0	5.0	381.035217	5.0	344.0
A0A1I8PCK3	insect			5.0	5.0	5.0	376.077606	5.0	356.0
A0A1I8PXF3	insect			5.0	5.0	5.0	389.774933	5.0	351.0
W8CDV9	insect			5.0	5.0	5.0	419.544739	5.0	412.0
A0A034WU06	insect			5.0	5.0	5.0	421.796204	5.0	431.0
A0A0K8WB74	insect			5.0	5.0	5.0	420.636047	5.0	431.0
W8BT29	insect			5.0	5.0	5.0	435.712646	5.0	400.0
A0A034UXD5	insect			5.0	5.0	5.0	442.836487	5.0	430.0
A0A0A1XCJ1	insect			5.0	5.0	5.0	435.359985	5.0	416.0
A0A1I8Q9M6	insect			5.0	5.0	5.0	440.107056	5.0	425.0
A0A1I8NBZ0	insect			5.0	5.0	5.0	351.616821	5.0	398.0
A0A1I8NJS9	insect			5.0	5.0	5.0	388.746033	5.0	338.0
A0A1I8Q3Z8	insect			5.0	5.0	5.0	381.088074	5.0	351.0
D2DGZ6	insect			5.0	5.0	5.0	340.67453	5.0	420.0
Q58GE8	insect			5.0	5.0	5.0	345.001373	5.0	416.0
A0A1Y1LMS0	insect			5.0	5.0	5.0	362.352386	5.0	410.0
A0A140AZ60	insect			5.0	5.0	5.0	378.613525	5.0	399.0
A0A140AZ59	insect			5.0	5.0	5.0	382.034882	5.0	385.0
A0A140AZ58	insect			5.0	5.0	5.0	385.135834	5.0	384.0
A0A1Y1NCX9	insect			5.0	5.0	5.0	387.533661	5.0	414.0
A0A482X4F3	insect			5.0	5.0	5.0	388.927032	5.0	393.0
A0A1Y1LCN7	insect			5.0	5.0	5.0	376.721893	5.0	390.0
A0A2H1WY54	insect			5.0	5.0	5.0	438.503174	5.0	382.0
A0A2A4IUH1	insect			5.0	5.0	5.0	442.180145	5.0	366.0
A0A2A4JEQ9	insect			5.0	5.0	5.0	437.141266	5.0	373.0
A0A0L7L6A6	insect			5.0	5.0	5.0	359.333313	5.0	329.0
A5A7A5	insect			5.0	5.0	5.0	425.981781	5.0	382.0
A5A7A6	insect			5.0	5.0	5.0	433.570068	5.0	385.0
A0A1W5ZM49	insect			5.0	5.0	5.0	444.812897	5.0	386.0
Q1X8X9	insect			5.0	5.0	5.0	451.720367	5.0	397.0
A0A0N1PIW0	insect			5.0	5.0	5.0	466.467133	5.0	389.0
A0A194QQ94	insect			5.0	5.0	5.0	466.588837	5.0	389.0
A0A212EVK2	insect			5.0	5.0	5.0	424.179962	5.0	344.0
A0A2A4JDM5	insect			5.0	5.0	5.0	334.894592	5.0	326.0
A0A2A4JF30	insect			5.0	5.0	5.0	383.172577	5.0	371.0
V9IKH4	insect			5.0	5.0	5.0	446.705597	5.0	413.0
E9IRN2	insect			5.0	5.0	5.0	337.575104	5.0	289.0
E9IQU2	insect			5.0	5.0	5.0	390.68158	5.0	343.0
A5A7A4	insect			5.0	5.0	5.0	514.905579	5.0	427.0
A0A1W5ZM48	insect			5.0	5.0	5.0	523.655151	5.0	428.0
A0A2H1WV31	insect			5.0	5.0	5.0	524.492065	5.0	428.0
A0A0R5Q896	insect			5.0	5.0	5.0	498.357178	5.0	427.0
A0A2A4JG86	insect			5.0	5.0	5.0	523.591187	5.0	428.0
Q1XAA9	insect			5.0	5.0	5.0	522.789307	5.0	427.0
O76820	insect			5.0	5.0	5.0	516.581177	5.0	427.0
Q1X8X8	insect			5.0	5.0	5.0	516.405273	5.0	428.0
A0A194QJJ2	insect			5.0	5.0	5.0	525.664551	5.0	428.0
A0A212EVH6	insect			5.0	5.0	5.0	518.349304	5.0	425.0
S4PI76	insect			5.0	5.0	5.0	515.545166	5.0	429.0
U5ETY6	insect			5.0	5.0	5.0	537.713013	5.0	425.0
A0A182IT14	insect			5.0	5.0	5.0	528.171448	5.0	432.0
A0A2M4CPQ8	insect			5.0	5.0	5.0	527.490662	5.0	442.0
W5J8W7	insect			5.0	5.0	5.0	525.819702	5.0	479.0
A0A2M4A321	insect			5.0	5.0	5.0	530.341003	5.0	442.0
A0A2M3Z093	insect			5.0	5.0	5.0	529.866638	5.0	428.0
A0A2M4BNI6	insect			5.0	5.0	5.0	529.307068	5.0	435.0
A0A182P468	insect			5.0	5.0	5.0	516.371033	5.0	367.0
A0A182QJE2	insect			5.0	5.0	5.0	515.259583	5.0	433.0
A0A182NK80	insect			5.0	5.0	5.0	513.581177	5.0	434.0
A0A182RF58	insect			5.0	5.0	5.0	514.32605	5.0	433.0
A0A182WLG4	insect			5.0	5.0	5.0	513.240356	5.0	435.0
A0A182YEJ2	insect			5.0	5.0	5.0	516.328186	5.0	436.0
A0A182JX98	insect			5.0	5.0	5.0	512.9375	5.0	439.0
A0A182WWX1	insect			5.0	5.0	5.0	513.977783	5.0	363.0
Q17F78	insect			5.0	5.0	5.0	523.933167	5.0	430.0
A0A023ES27	insect			5.0	5.0	5.0	522.704407	5.0	430.0
A0A1Q3FYU3	insect			5.0	5.0	5.0	536.924988	5.0	427.0
B0VZA8	insect			5.0	5.0	5.0	529.865967	5.0	380.0
A0A1A9WS63	insect			5.0	5.0	5.0	347.624603	5.0	331.0
A0A1A9Y0F9	insect			5.0	5.0	5.0	505.262146	5.0	427.0
D3TN21	insect			5.0	5.0	5.0	495.554688	5.0	425.0
A0A1I8Q064	insect			5.0	5.0	16.635712	492.215912	5.0	372.0
B4MYB4	insect			5.0	5.0	5.0	545.21582	5.0	411.0
A0A0M4E5B7	insect			5.0	5.0	5.0	543.98877	5.0	406.0
A0A3B0J0A8	insect			5.0	5.0	5.0	549.048645	5.0	419.0
B4GGH4	insect			5.0	5.0	5.0	549.052246	5.0	419.0
B3MF90	insect			5.0	5.0	5.0	554.208313	5.0	417.0
B3NSI9	insect			5.0	5.0	5.0	555.084717	5.0	419.0
A0A1W4UGM3	insect			5.0	5.0	5.0	551.413696	5.0	419.0
A0A0J9RAD0	insect			5.0	5.0	5.0	550.044373	5.0	419.0
B4QB76	insect			5.0	5.0	5.0	477.279205	5.0	383.0
B4KR78	insect			5.0	5.0	5.0	543.203674	5.0	413.0
A0A484BQ04	insect			5.0	5.0	5.0	542.835449	5.0	413.0
B4J8V8	insect			5.0	5.0	5.0	550.359558	5.0	413.0
B4MFG4	insect			5.0	5.0	5.0	551.986816	5.0	415.0
A0A0L0C1A4	insect			5.0	5.0	5.0	552.938477	5.0	423.0
T1PHW2	insect			5.0	5.0	5.0	532.600037	5.0	443.0
A0A1I8P502	insect			5.0	5.0	10.077348	535.700195	5.0	429.0
A0A1I8P557	insect			5.0	5.0	10.402982	531.65802	5.0	367.0
A0A1I8QC75	insect			5.0	5.0	5.0	427.192413	5.0	387.0
A0A1I8P9H1	insect			5.0	5.0	5.0	402.573242	5.0	302.0
A0A1I8Q9H8	insect			5.0	5.0	5.0	439.407501	5.0	358.0
W8ANY3	insect			5.0	5.0	5.0	469.03656	5.0	428.0
W8BGW1	insect			5.0	5.0	5.0	487.223145	5.0	419.0
A0A0A1XA06	insect			5.0	5.0	5.0	467.540619	5.0	418.0
A0A034WRK8	insect			5.0	5.0	5.0	473.855713	5.0	408.0
A0A0K8V1D2	insect			5.0	5.0	5.0	465.819946	5.0	413.0
E9J201	insect			5.0	5.0	5.0	459.537811	5.0	353.0
E9ICT6	insect			5.0	5.0	5.0	418.412292	5.0	325.0
E9J6I9	insect			5.0	5.0	5.0	417.047516	5.0	315.0
E9ILC8	insect			5.0	5.0	5.0	444.557129	5.0	338.0
E9ISI7	insect			5.0	5.0	5.0	427.17981	5.0	309.0
E2BPW3	insect			5.0	5.0	5.0	484.293945	5.0	402.0
E9ICP5	insect			5.0	5.0	5.0	458.063416	5.0	352.0
A0A0L7QWI9	insect			5.0	5.0	5.0	538.407349	5.0	381.0
I1VX06	insect			5.0	5.0	5.0	521.60675	5.0	370.0
A0A0N0U4R1	insect			5.0	5.0	5.0	503.631897	5.0	424.0
E9ICP4	insect			5.0	5.0	5.0	501.528656	5.0	348.0
E9IQC1	insect			5.0	5.0	5.0	513.789307	5.0	354.0
A0A151X882	insect			5.0	5.0	5.0	500.9599	5.0	362.0
A0A158NL99	insect			5.0	5.0	5.0	485.835083	5.0	351.0
A0A151IRW6	insect			5.0	5.0	5.0	500.556061	5.0	356.0
F4WXE6	insect			5.0	5.0	5.0	499.100464	5.0	354.0
A0A195F4T5	insect			5.0	5.0	5.0	503.247406	5.0	356.0
A0A195C3Y5	insect			5.0	5.0	5.0	502.227814	5.0	356.0
A0A195C219	insect			5.0	5.0	5.0	471.855804	5.0	356.0
A0A232EKP8	insect			5.0	5.0	5.0	560.541016	5.0	404.0
A0A151IAJ0	insect			5.0	5.0	5.0	452.488525	5.0	330.0
A0A151IAI2	insect			5.0	5.0	5.0	452.628448	5.0	307.0
A0A195C2R7	insect			5.0	5.0	5.0	477.630463	5.0	334.0
A0A026VZ84	insect			5.0	5.0	5.0	499.036255	5.0	348.0
E2B2E9	insect			5.0	5.0	5.0	538.919983	5.0	356.0
E2B1K5	insect			5.0	5.0	5.0	542.135986	5.0	379.0
E9J5F5	insect			5.0	5.0	5.0	471.441345	5.0	320.0
A0A151WT49	insect			5.0	5.0	5.0	514.46521	5.0	352.0
A0A151WTB1	insect			5.0	5.0	5.0	384.631226	5.0	292.0
A0A151IS21	insect			5.0	5.0	5.0	454.496887	5.0	332.0
A0A158NRX0	insect			5.0	5.0	5.0	500.118683	5.0	353.0
A0A195BVT4	insect			5.0	5.0	5.0	461.392303	5.0	311.0
A0A151IRZ5	insect			5.0	5.0	5.0	488.158905	5.0	366.0
F4WXE7	insect			5.0	5.0	5.0	530.514221	5.0	362.0
A0A195C1Y4	insect			5.0	5.0	5.0	535.41156	5.0	360.0
A0A151X823	insect			5.0	5.0	5.0	535.193909	5.0	358.0
A0A0A9Z8Q6	insect			5.0	5.0	5.0	461.872559	5.0	430.0
A0A0P4VIE8	insect			5.0	5.0	5.0	497.296265	5.0	350.0
A0A023F3V7	insect			5.0	5.0	5.0	496.975037	5.0	351.0
A0A069DS92	insect			5.0	5.0	5.0	489.610046	5.0	351.0
A0A0V0GE53	insect			5.0	5.0	5.0	492.703217	5.0	351.0
A0A343W970	insect			5.0	5.0	5.0	480.448456	5.0	405.0
A0A386JVA3	insect			5.0	5.0	5.0	478.872528	5.0	403.0
A0A411EWK3	insect			5.0	5.0	5.0	484.860748	5.0	403.0
A0A2H1VJC4	insect			5.0	5.0	5.0	402.514343	5.0	305.0
A0A1L8DZI7	insect			5.0	5.0	5.0	487.299561	5.0	411.0
A0A1L8DZJ2	insect			5.0	5.0	5.0	389.019501	5.0	344.0
A0A1B6E8U3	insect			5.0	5.0	5.0	529.978943	5.0	419.0
A0A1B6M5C1	insect			5.0	5.0	5.0	475.720367	5.0	401.0
A0A1B6K964	insect			5.0	5.0	5.0	474.914185	5.0	393.0
A0A1B6GXY7	insect			5.0	5.0	5.0	529.616028	5.0	431.0
A0A1B6I6M4	insect			5.0	5.0	5.0	359.740723	5.0	329.0
A0A1B6IA47	insect			5.0	5.0	5.0	528.18158	5.0	429.0
A0A3Q0IYI5	insect			5.0	5.0	5.0	402.262512	5.0	312.0
A0A4Y1S1N5	insect			5.0	5.0	5.0	495.104462	5.0	432.0
A0A4Y1S212	insect			5.0	5.0	5.0	527.334961	5.0	432.0
A0A2P8ZM10	insect			5.0	5.0	5.0	564.921814	5.0	432.0
A0A067RTI2	insect			5.0	5.0	5.0	547.194641	5.0	428.0
A0A2J7PU44	insect			5.0	5.0	5.0	553.81427	5.0	433.0
A0A2J7PU57	insect			5.0	5.0	5.0	362.286133	5.0	350.0
A0A2J7PU49	insect			5.0	5.0	5.0	457.456848	5.0	422.0
A0A4Y1S1R4	insect			5.0	5.0	5.0	452.706635	5.0	416.0
A0A336K2X4	insect			5.0	5.0	5.0	486.51889	5.0	428.0
E0VQL3	insect			5.0	5.0	5.0	497.286285	5.0	403.0
Q58GE9	insect			5.0	5.0	5.0	490.431732	5.0	433.0
Q56CY8	insect			5.0	5.0	5.0	536.00708	5.0	438.0
A0A0N9EI79	insect			5.0	5.0	5.0	534.31311	5.0	429.0
A0A5B7LHA8	insect			5.0	5.0	5.0	537.07782	5.0	429.0
Q56CY7	insect			5.0	5.0	5.0	525.404236	5.0	429.0
I1VJ84	insect			5.0	5.0	5.0	533.051575	5.0	429.0
A0A140AZ53	insect			5.0	5.0	5.0	545.496155	5.0	434.0
A0A140AZ52	insect			5.0	5.0	5.0	538.682068	5.0	434.0
M1JS91	insect			5.0	5.0	5.0	542.164001	5.0	429.0
A0A140AZ54	insect			5.0	5.0	5.0	548.040588	5.0	433.0
V5I8U9	insect			5.0	5.0	5.0	504.201843	5.0	448.0
J9QQQ8	insect			5.0	5.0	5.0	482.457916	5.0	435.0
A0A0H4IUW5	insect			5.0	5.0	5.0	497.984802	5.0	432.0
A0A140AZ57	insect			5.0	5.0	5.0	474.932861	5.0	432.0
A0A140AZ56	insect			5.0	5.0	5.0	473.33902	5.0	429.0
A0A140AZ55	insect			5.0	5.0	5.0	475.341248	5.0	429.0
A0A0T6B7F0	insect			5.0	5.0	5.0	482.534851	5.0	423.0
A0A1Y1LLN4	insect			5.0	5.0	5.0	533.607849	5.0	426.0
A0A482VKI0	insect			5.0	5.0	5.0	512.77301	5.0	356.0
A0A482VQY3	insect			5.0	5.0	5.0	547.252625	5.0	335.0
A0A0U2D675	insect			5.0	5.0	5.0	545.0	5.0	425.0
A0A1L1VVV1	insect			5.0	5.0	5.0	527.163818	5.0	424.0
A0A075D844	insect			5.0	5.0	5.0	524.599365	5.0	424.0
J9K2T3	insect			5.0	5.0	5.0	495.415741	5.0	396.0
A9Z1D4	insect			5.0	5.0	5.0	501.814362	5.0	396.0
G0YZR4	insect			5.0	5.0	5.0	508.433502	5.0	398.0
A0A5E4MEV1	insect			5.0	5.0	5.0	536.917908	5.0	405.0
A0A2S2QJR0	insect			5.0	5.0	5.0	535.970093	5.0	399.0
A0A2H8TTC7	insect			5.0	5.0	5.0	528.238892	5.0	394.0
G0YZR3	insect			5.0	5.0	5.0	530.242615	5.0	394.0
Q1X879	insect			5.0	5.0	5.0	528.554138	5.0	394.0
C7EY43	insect			5.0	5.0	5.0	526.628357	5.0	394.0
C7EY44	insect			5.0	5.0	5.0	533.40625	5.0	394.0
Q1X878	insect			5.0	5.0	5.0	520.871033	5.0	394.0
A9Z1D3	insect			5.0	5.0	5.0	532.442261	5.0	394.0
J9JIS7	insect			5.0	5.0	5.0	533.76001	5.0	394.0
Q1X877	insect			5.0	5.0	5.0	533.428162	5.0	394.0
A0A151XJ30	insect			5.0	5.0	5.0	263.972656	5.0	295.0
A0A026WU84	insect			5.0	5.0	5.0	286.731934	5.0	319.0
A0A151IAG6	insect			5.0	5.0	5.0	287.079681	5.0	297.0
A0A158NEW9	insect			5.0	5.0	5.0	269.859863	5.0	351.0
A0A195BX07	insect			5.0	5.0	5.0	283.534729	5.0	320.0
A0A2A3EBR8	insect			5.0	5.0	5.0	276.198029	5.0	317.0
I1VX07	insect			5.0	5.0	5.0	274.991119	5.0	308.0
A0A310SLK9	insect			5.0	5.0	5.0	287.195648	5.0	320.0
A0A0M8ZS59	insect			5.0	5.0	5.0	283.020721	5.0	343.0
A0A5E4QMM2	insect			5.0	5.0	5.0	367.660278	5.0	454.0
A0A437B6N7	insect			5.0	5.0	5.0	204.249435	5.0	282.0
H9IYR7	insect			5.0	5.0	5.0	281.008026	5.0	307.0
A0A2A4ITZ5	insect			5.0	5.0	5.0	271.769745	5.0	311.0
U3RD44	insect			5.0	5.0	5.0	281.317657	5.0	302.0
A0A194QHL4	insect			5.0	5.0	5.0	290.142273	5.0	311.0
A0A0H4ISG7	insect			5.0	5.0	5.0	284.342529	5.0	306.0
U5LIM4	insect			5.0	5.0	5.0	266.49176	5.0	306.0
A0A481MT50	insect			5.0	5.0	5.0	266.049622	5.0	306.0
A0A5B7LGH7	insect			5.0	5.0	5.0	267.796387	5.0	297.0
T1DSZ4	insect			5.0	5.0	5.0	269.26532	5.0	304.0
I1VJ86	insect			5.0	5.0	5.0	268.874664	5.0	297.0
A0A1Y1MW61	insect			5.0	5.0	5.0	275.757202	5.0	312.0
A0A482WBU7	insect			5.0	5.0	5.0	263.131287	5.0	304.0
D6WD18	insect			5.0	5.0	5.0	290.180573	5.0	307.0
A0A1Q3G1Q3	insect			5.0	5.0	5.0	277.873718	5.0	323.0
Q17BN5	insect			5.0	5.0	5.0	271.960236	5.0	321.0
A0A023EMV6	insect			5.0	5.0	5.0	267.026459	5.0	301.0
A0A1A9UJ73	insect			5.0	5.0	5.0	280.87381	5.0	333.0
A0A1A9X0N2	insect			5.0	5.0	5.0	281.830566	5.0	334.0
B4MLE5	insect			5.0	5.0	5.0	278.085449	5.0	377.0
A0A3B0JVW8	insect			5.0	5.0	5.0	278.981232	5.0	339.0
O61539	insect			5.0	5.0	5.0	280.702118	5.0	338.0
B3NFE8	insect			5.0	5.0	5.0	283.206024	5.0	338.0
A0A1W4UU58	insect			5.0	5.0	5.0	281.826508	5.0	338.0
A0A484BZS5	insect			5.0	5.0	5.0	284.819977	5.0	337.0
B4LFC3	insect			5.0	5.0	5.0	283.328339	5.0	337.0
B4J366	insect			5.0	5.0	5.0	274.194244	5.0	337.0
W8BQH9	insect			5.0	5.0	5.0	284.084229	5.0	333.0
A0A0A1XDF0	insect			5.0	5.0	5.0	288.693512	5.0	333.0
A0A0K8V540	insect			5.0	5.0	5.0	275.934113	5.0	296.0
A0A0K8W716	insect			5.0	5.0	5.0	287.615814	5.0	333.0
A0A0L0CBX2	insect			5.0	11.216617	5.0	292.063202	5.0	319.0
T1PDN7	insect			5.0	5.0	5.0	290.113403	5.0	329.0
A0A1I8QCM2	insect			5.0	5.0	5.0	289.143097	5.0	328.0
A0A1I8QCS2	insect			5.0	5.0	5.0	247.982162	5.0	330.0
A0A336LC35	insect			5.0	5.0	5.0	282.356537	5.0	319.0
A0A0K8TSQ4	insect			5.0	5.0	5.0	288.657684	5.0	315.0
A0A1J1J494	insect			5.0	5.0	5.0	278.769867	5.0	316.0
A0A182PIN4	insect			5.0	5.0	5.0	291.078766	5.0	328.0
A0A182JV36	insect			5.0	5.0	5.0	290.684174	5.0	323.0
A0A182I6L5	insect			5.0	5.0	5.0	290.843628	5.0	324.0
A0A2M3ZBB2	insect			5.0	5.0	5.0	289.638947	5.0	319.0
A0A182YSF5	insect			5.0	5.0	5.0	289.172729	5.0	319.0
A0A182ITN7	insect			5.0	5.0	5.0	295.56131	5.0	345.0
A0A084VDZ6	insect			5.0	5.0	5.0	292.791687	5.0	327.0
A0A182QLX9	insect			5.0	5.0	5.0	287.984528	5.0	326.0
A0A182RJG1	insect			5.0	5.0	5.0	288.697296	5.0	322.0
A0A182M6F1	insect			5.0	5.0	5.0	288.295685	5.0	325.0
A0A182WBD9	insect			5.0	5.0	5.0	289.668091	5.0	336.0
A0A4Y1S3C9	insect			5.0	5.0	5.0	238.695831	5.0	314.0
E9RFD4	insect			5.0	5.0	5.0	251.299347	5.0	323.0
E0VT01	insect			5.0	5.0	5.0	274.999786	5.0	313.0
A0A2R7W8S3	insect			5.0	5.0	5.0	273.16806	5.0	312.0
A0A0K8T603	insect			5.0	5.0	5.0	294.352051	5.0	352.0
A0A4P6D942	insect			5.0	5.0	5.0	290.794922	5.0	304.0
A0A023F5X7	insect			5.0	5.0	5.0	295.027161	5.0	304.0
J9JRD4	insect			5.0	5.0	5.0	294.664734	5.0	327.0
A0A2S2QU44	insect			5.0	5.0	5.0	302.618958	5.0	373.0
A0A2S2P6M8	insect			5.0	5.0	5.0	298.346405	5.0	309.0
V5UVK1	insect			5.0	5.0	5.0	298.129852	5.0	309.0
A0A2H8TZ27	insect			5.0	5.0	5.0	299.902283	5.0	309.0
A0A3Q0IN35	insect			5.0	5.0	5.0	290.871338	5.0	311.0
A0A482X709	insect			5.0	5.0	5.0	287.445862	5.0	302.0
A0A2P8YBB0	insect			5.0	5.0	5.0	245.052963	5.0	341.0
A0A4Y1S363	insect			5.0	5.0	5.0	303.825348	5.0	317.0
A0A2J7Q2Y4	insect			5.0	5.0	5.0	302.235901	5.0	332.0
A0A067QSW5	insect			5.0	5.0	5.0	302.098663	5.0	317.0
A0A1B6DVR6	insect			5.0	5.0	5.0	283.204163	5.0	305.0
A0A7D0AGU9	insect			5.0	5.0	5.0	288.921295	5.0	303.0
A0A1B6KW37	insect			5.0	5.0	5.0	292.482056	5.0	303.0
A0A1B6JNR0	insect			5.0	5.0	5.0	291.981384	5.0	303.0
PQ349591	insect			5.0	5.0	5.0	5.0	5.0	367.0
PQ349591	insect			133.574005	26.258631	108.785072	5.0	46.791569	367.0
PQ349592	insect			74.983017	22.988398	77.113792	5.0	26.389856	317.0
PQ349593	insect			77.01207	27.669174	74.736946	5.0	31.101917	317.0
A0A1A9VJM7	insect			5.0	5.0	5.0	138.690796	5.0	302.0
N6U5R3	insect			5.0	5.0	5.0	197.543503	5.0	463.0
A0A212FAI7	insect			5.0	5.0	5.0	176.400772	5.0	303.0
A0A5E4R100	insect			5.0	5.0	5.0	182.191666	5.0	307.0
A0A5E4QLI9	insect			5.0	5.0	5.0	200.263428	5.0	311.0
HMEL037106	insect			5.0	5.0	5.0	199.9729	5.0	320.0
HMEL037108	insect			5.0	5.0	5.0	199.437119	5.0	313.0
A0A151IAG2	insect			5.0	5.0	5.0	204.30957	5.0	311.0
A0A158NEW8	insect			5.0	5.0	5.0	249.608276	5.0	381.0
A0A195FL02	insect			5.0	5.0	5.0	199.108994	5.0	322.0
A0A195EHN9	insect			5.0	5.0	5.0	196.994217	5.0	319.0
A0A151JA14	insect			5.0	5.0	5.0	193.065506	5.0	352.0
A0A195END3	insect			5.0	5.0	5.0	197.098389	5.0	352.0
A0A4Y1S1K3	insect			5.0	5.0	5.0	232.007111	5.0	317.0
A1IIW5	insect			5.0	5.0	5.0	210.584015	11.763823	316.0
A1IIW7	insect			5.0	5.0	5.0	219.174698	5.0	316.0
A0A4Y1S2P2	insect			5.0	5.0	5.0	230.865921	5.0	316.0
A1IIV9	insect			5.0	5.0	5.0	218.762772	5.0	316.0
A0A4C2ADB1	insect			5.0	5.0	5.0	230.891785	5.0	358.0
Q178F6	insect			5.0	5.0	5.0	199.066162	5.0	289.0
A0A026WFX6	insect			5.0	5.0	5.0	204.374237	5.0	313.0
E2BA75	insect			5.0	5.0	5.0	235.500412	5.0	324.0
UPQ49770.1	plant			25.078409	5.0	17.637857	5.0	674.508362	820.0
UPQ49783.1	plant			28.275385	11.707346	40.182014	5.0	690.038574	876.0
UPQ49771.1	plant			41.782631	5.0	45.948895	5.0	725.409058	794.0
UPQ49777.1	plant			65.757927	13.443882	64.09687	5.0	745.761963	824.0
UPQ49772.1	plant			32.80188	5.0	25.98654	5.0	719.801147	797.0
APP91794.1	plant			29.032578	5.0	27.209021	5.0	578.943054	794.0
APP91796.1	plant			35.34087	5.0	37.570652	5.0	565.181702	789.0
APP91795.1	plant			37.638836	5.0	28.289715	5.0	715.005371	881.0
UPQ49785.1	plant			5.0	5.0	5.0	5.0	587.946899	878.0
UPQ49778.1	plant			55.944454	5.0	50.021984	5.0	755.954956	863.0
UPQ49773.1	plant			5.0	5.0	5.0	5.0	645.924561	818.0
BAJ39816.1	plant			60.532955	5.0	45.672714	5.0	752.307068	886.0
A5A8G0.1	plant			43.267559	5.0	43.901707	5.0	766.528503	881.0
Q38802.1	plant			5.0	5.0	5.0	5.0	483.917694	802.0
UPQ49774.1	plant			23.480343	5.0	31.42087	5.0	643.39032	807.0
UPQ49788.1	plant			18.795387	5.0	29.68244	5.0	689.690674	804.0
UPQ49789.1	plant			5.0	5.0	5.0	5.0	603.734497	830.0
MN868309.1	plant			167.848236	5.0	147.735001	5.0	261.066345	433.0
MN868310.1	plant			160.181061	5.0	143.342819	5.0	251.012466	432.0
MN868311.1	plant			184.371033	5.0	155.763779	5.0	269.499054	441.0
MN868308.1	plant			179.6362	10.737993	142.749908	5.0	236.53511	417.0
APB88779.1	plant			197.851059	5.0	171.262589	5.0	234.706161	413.0
APB88780.1	plant			178.863846	5.0	149.446136	5.0	235.570709	432.0
APB88775.1	plant			168.009323	5.0	119.670616	5.0	181.974335	481.0
APB88781.1	plant			154.513641	15.073299	117.235695	5.0	197.842087	415.0
APB88773.1	plant			137.72226	5.0	103.686485	5.0	192.225494	382.0
APB88778.1	plant			20.992615	5.0	47.465832	5.0	128.73674	427.0
APB88774.1	plant			166.358109	5.0	117.832443	5.0	205.636627	447.0
APB88777.1	plant			120.794601	20.993708	78.836426	5.0	160.150986	472.0
APB88776.1	plant			102.639763	22.97751	62.8009	5.0	146.869339	458.0
AFP23421.1	plant			20.046854	5.0	15.032376	5.0	633.809875	592.0
ADR74209.1	plant			5.0	5.0	5.0	5.0	625.253967	602.0
AGB14628.1	plant			12.130859	5.0	22.149109	5.0	648.491638	548.0
AEP82768.1	plant			5.0	5.0	5.0	5.0	640.180603	546.0
NP_001268216.1	plant			5.0	5.0	5.0	5.0	672.698669	590.0
AAX19772.1	plant			5.0	5.0	17.391785	5.0	633.22583	576.0
AAT70237.1	plant			5.0	5.0	5.0	5.0	631.16095	576.0
AAO41727.1	plant			11.759157	5.0	21.438179	5.0	566.283386	584.0
NP_176361.2	plant			27.442959	5.0	5.0	5.0	553.771545	569.0
AEE92791.1	plant			18.101768	5.0	31.283804	5.0	550.452759	534.0
NP_001105854.1	plant			24.883738	5.0	16.2232	5.0	503.747162	581.0
all_tps|SRR17260582_NODE_20047_length_1985_cov_320.892782_g4313_i4_2	candidate	candidate	candidate	39.248745	473.390869	35.885899	5.0	5.0	391.0
all_tps|SRR17260582_NODE_15328_length_2385_cov_286.957612_g4313_i3_1	candidate	candidate	candidate	38.436005	510.738129	31.368105	5.0	5.0	411.0
all_tps|SRR17260582_NODE_31396_length_1279_cov_199.950249_g6219_i6_1	candidate	candidate	candidate	36.52113	423.398499	37.666332	5.0	16.561911	361.0
all_tps|SRR15783032_NODE_16784_length_2455_cov_148.531066_g11155_i0_1	candidate	candidate	candidate	17.331354	448.146027	20.612553	5.0	5.0	414.0
all_tps|SRR15421816_NODE_41117_length_2104_cov_130.783455_g13938_i0_2	candidate	candidate	candidate	22.868401	532.763245	23.611956	5.0	5.0	411.0
all_tps|SRR15421816_NODE_55739_length_1710_cov_119.429259_g20062_i0_1	candidate	candidate	candidate	11.518914	529.99408	5.0	5.0	5.0	448.0
all_tps|ERR3026435_NODE_12514_length_1565_cov_109.590495_g9996_i0_1	candidate	candidate	candidate	16.640057	501.351318	15.274206	5.0	5.0	415.0
all_tps|SRR15421486_NODE_27823_length_1922_cov_103.642285_g12622_i0_1	candidate	candidate	candidate	22.15226	498.048553	19.902277	5.0	5.0	414.0
all_tps|SRR15421486_NODE_35458_length_1649_cov_83.206875_g12622_i1_2	candidate	candidate	candidate	20.732307	393.140656	19.00926	5.0	5.0	329.0
all_tps|SRR17260582_NODE_11876_length_2767_cov_70.864143_g753_i11_1	candidate	candidate	candidate	29.495642	459.103973	12.640182	5.0	5.0	382.0
all_tps|ERR3026435_NODE_15632_length_1375_cov_67.028975_g12576_i0_1	candidate	candidate	candidate	31.681581	471.292816	22.30489	5.0	5.0	402.0
all_tps|SRR13068648_NODE_5499_length_3587_cov_61.901639_g3097_i0_1	candidate	candidate	candidate	31.635019	523.131714	20.156721	5.0	5.0	412.0
all_tps|SRR15783032_NODE_22018_length_2147_cov_59.377049_g14831_i0_1	candidate	candidate	candidate	29.698025	423.573639	19.540085	5.0	5.0	409.0
all_tps|SRR15421489_NODE_21571_length_2301_cov_55.607904_g7986_i0_1	candidate	candidate	candidate	23.265251	543.997192	19.087875	5.0	10.646308	418.0
all_tps|SRR15783032_NODE_15046_length_2580_cov_53.078580_g9995_i0_1	candidate	candidate	candidate	55.303848	490.763763	50.600941	5.0	5.0	434.0
all_tps|SRR15421486_NODE_27193_length_1946_cov_45.933579_g12305_i0_1	candidate	candidate	candidate	12.696253	478.528137	11.344291	5.0	5.0	381.0
all_tps|ERR4669811_NODE_41483_length_2142_cov_39.915910_g18335_i0_1	candidate	candidate	candidate	44.532345	504.908875	27.522003	5.0	5.0	411.0
all_tps|SRR17260582_NODE_21309_length_1893_cov_32.774725_g9463_i0_1	candidate	candidate	candidate	27.254578	535.347656	19.269165	5.0	17.063438	412.0
all_tps|SRR13068648_NODE_4158_length_4077_cov_31.377358_g101_i2_1	candidate	candidate	candidate	32.349148	566.193604	16.633553	5.0	5.0	417.0
all_tps|SRR15783032_NODE_36846_length_1593_cov_28.878947_g25566_i0_1	candidate	candidate	candidate	30.820101	396.407318	5.0	5.0	5.0	397.0
all_tps|SRR17260582_NODE_24162_length_1699_cov_25.423124_g9486_i1_1	candidate	candidate	candidate	24.809484	518.800293	26.826063	5.0	5.0	409.0
all_tps|SRR15421486_NODE_26714_length_1967_cov_25.068300_g12080_i0_2	candidate	candidate	candidate	37.63884	498.084534	16.48811	5.0	5.0	416.0
all_tps|ERR4669811_NODE_55110_length_1727_cov_22.428486_g26218_i0_1	candidate	candidate	candidate	22.571712	552.858704	19.876326	5.0	5.0	420.0
all_tps|SRR17260582_NODE_21358_length_1890_cov_21.439185_g9486_i0_1	candidate	candidate	candidate	22.175846	522.055054	18.366146	5.0	5.0	409.0
all_tps|SRR13068648_NODE_17151_length_1903_cov_21.417476_g9532_i0_1	candidate	candidate	candidate	31.785212	562.46814	13.732722	5.0	5.0	415.0
all_tps|SRR15421489_NODE_43178_length_1425_cov_20.694767_g16932_i0_1	candidate	candidate	candidate	39.306313	490.825439	19.516684	5.0	5.0	412.0
all_tps|SRR15783032_NODE_29565_length_1834_cov_19.863714_g20238_i0_1	candidate	candidate	candidate	34.912498	539.011597	24.075058	5.0	17.470121	407.0
all_tps|SRR12876613_NODE_4686_length_1645_cov_18.020677_g4683_i0_2	candidate	candidate	candidate	26.57235	564.772339	5.0	5.0	5.0	415.0
all_tps|SRR17260582_NODE_25295_length_1625_cov_14.597938_g11165_i0_1	candidate	candidate	candidate	18.914812	525.053101	17.622709	5.0	5.0	418.0
all_tps|ERR4669814_NODE_28423_length_2113_cov_14.561047_g14889_i0_1	candidate	candidate	candidate	21.966196	543.270081	17.406261	5.0	12.116189	420.0
all_tps|ERR4669814_NODE_2575_length_6439_cov_14.400469_g623_i2_4	candidate	candidate	candidate	35.08643	542.510071	21.673929	5.0	12.883718	408.0
all_tps|SRR12573944_NODE_9952_length_2159_cov_12.348341_g7958_i0_1	candidate	candidate	candidate	20.071608	480.575012	14.926464	5.0	5.0	413.0
all_tps|SRR15783032_NODE_54800_length_1142_cov_12.321796_g11615_i3_1	candidate	candidate	candidate	23.830418	319.127106	5.0	5.0	5.0	303.0
all_tps|SRR15421489_NODE_43185_length_1425_cov_12.231105_g16935_i0_1	candidate	candidate	candidate	38.890575	508.292389	13.820225	5.0	5.0	412.0
all_tps|ERR4669814_NODE_34617_length_1857_cov_11.884956_g18826_i0_1	candidate	candidate	candidate	19.945684	484.44812	22.618807	5.0	11.421333	402.0
all_tps|ERR3026435_NODE_11870_length_1607_cov_11.217997_g9475_i0_1	candidate	candidate	candidate	24.661823	512.454712	5.0	5.0	15.947109	411.0
